{
  "name": "emojione",
  "version": "4.5.0",
  "main": [
    "extras/css/emojione.css",
    "lib/js/emojione.js"
  ],
  "ignore": [
    "demos/",
    "lib/php/",
    ".gitignore",
    ".npmignore",
    "composer.json",
    "package.json"
  ],
  "keywords": [
    "emojione",
    "EmojiOne",
    "emoji",
    "emojis",
    "emoticons",
    "smileys",
    "smilies",
    "unicode",
    "emoji set"
  ],
  "homepage": "https://github.com/Ranks/emojione",
  "_release": "4.5.0",
  "_resolution": {
    "type": "version",
    "tag": "4.5.0",
    "commit": "79e685356877cbb6128074a71b7f88f435b58412"
  },
  "_source": "https://github.com/Ranks/emojione.git",
  "_target": "4.5.0",
  "_originalSource": "emojione",
  "_direct": true
}